sample,components,n_components,diameter_nm,chirality_deg,T_K,log10D_mean,log10D_std,D_cm2s,D_lo_cm2s,D_hi_cm2s,D_min_cm2s,D_max_cm2s,D_geometric_mean_cm2s
"(6,5) CNT","(6,5)",1,0.746974765428039,26.99550840111692,170.0,-6.714573733066102,0.41688321391650895,1.9294177382840289e-07,7.388275017245082e-08,5.038595342100772e-07,1.9294177382840289e-07,1.9294177382840289e-07,1.9294177382840289e-07
"(6,5) CNT","(6,5)",1,0.746974765428039,26.99550840111692,171.0,-6.696104946376829,0.4167364596561391,2.0132376962893726e-07,7.711850359977029e-08,5.255711447404969e-07,2.0132376962893726e-07,2.0132376962893726e-07,2.0132376962893726e-07
"(6,5) CNT","(6,5)",1,0.746974765428039,26.99550840111692,172.0,-6.677557367601015,0.4165926612378484,2.1010802110820162e-07,8.051002679106568e-08,5.483215233373066e-07,2.1010802110820162e-07,2.1010802110820162e-07,2.1010802110820162e-07
"(6,5) CNT","(6,5)",1,0.746974765428039,26.99550840111692,173.0,-6.658933838693829,0.4164518840739359,2.1931390171684553e-07,8.406481803205233e-08,5.72160728022121e-07,2.1931390171684553e-07,2.1931390171684553e-07,2.1931390171684553e-07
"(6,5) CNT","(6,5)",1,0.746974765428039,26.99550840111692,174.0,-6.640237218677105,0.41631418582973695,2.2896166854478178e-07,8.77907168999864e-08,5.971411045946093e-07,2.2896166854478178e-07,2.2896166854478178e-07,2.2896166854478178e-07
"(6,5) CNT","(6,5)",1,0.746974765428039,26.99550840111692,175.0,-6.621470382714093,0.4161796166611429,2.3907249684328693e-07,9.169591755305102e-08,6.233173763032123e-07,2.3907249684328693e-07,2.3907249684328693e-07,2.3907249684328693e-07
"(6,5) CNT","(6,5)",1,0.746974765428039,26.99550840111692,176.0,-6.602636221175785,0.4160482194644677,2.496685153941102e-07,9.578898234241879e-08,6.507467357390971e-07,2.496685153941102e-07,2.496685153941102e-07,2.496685153941102e-07
"(6,5) CNT","(6,5)",1,0.746974765428039,26.99550840111692,177.0,-6.583737638699741,0.41592003013764156,2.607728427035433e-07,1.0007885573799294e-07,6.794889388995198e-07,2.607728427035433e-07,2.607728427035433e-07,2.607728427035433e-07
"(6,5) CNT","(6,5)",1,0.746974765428039,26.99550840111692,178.0,-6.564777553241467,0.41579507785179226,2.724096239953566e-07,1.0457487855718431e-07,7.096064013568347e-07,2.724096239953566e-07,2.724096239953566e-07,2.724096239953566e-07
"(6,5) CNT","(6,5)",1,0.746974765428039,26.99550840111692,179.0,-6.545758895119143,0.4156733853322539,2.846040689712658e-07,1.0928680248398864e-07,7.411642964562724e-07,2.846040689712658e-07,2.846040689712658e-07,2.846040689712658e-07
"(6,5) CNT","(6,5)",1,0.746974765428039,26.99550840111692,180.0,-6.526684606051871,0.4155549691479672,2.9738249030283637e-07,1.1422480486372934e-07,7.742306554537036e-07,2.9738249030283637e-07,2.9738249030283637e-07,2.9738249030283637e-07
"(6,5) CNT","(6,5)",1,0.746974765428039,26.99550840111692,181.0,-6.507557638192301,0.41543984000839895,3.107723428128547e-07,1.193995037564355e-07,8.088764694902256e-07,3.107723428128547e-07,3.107723428128547e-07,3.107723428128547e-07
"(6,5) CNT","(6,5)",1,0.746974765428039,26.99550840111692,182.0,-6.488380953153487,0.4153280030669749,3.248022632991141e-07,1.2482197322979529e-07,8.4517579328769e-07,3.248022632991141e-07,3.248022632991141e-07,3.248022632991141e-07
"(6,5) CNT","(6,5)",1,0.746974765428039,26.99550840111692,183.0,-6.469157521031313,0.41521945823012524,3.395021109464863e-07,1.3050375886976243e-07,8.832058504318399e-07,3.395021109464863e-07,3.395021109464863e-07,3.395021109464863e-07
"(6,5) CNT","(6,5)",1,0.746974765428039,26.99550840111692,184.0,-6.449890319422209,0.41511420047101394,3.549030082678666e-07,1.364568934847405e-07,9.230471400967855e-07,3.549030082678666e-07,3.549030082678666e-07,3.549030082678666e-07
"(6,5) CNT","(6,5)",1,0.746974765428039,26.99550840111692,185.0,-6.430582332437041,0.41501222014707256,3.7103738250709946e-07,1.4269391297624154e-07,9.647835450461114e-07,3.7103738250709946e-07,3.7103738250709946e-07,3.7103738250709946e-07
"(6,5) CNT","(6,5)",1,0.746974765428039,26.99550840111692,186.0,-6.411236549711668,0.41491350332044796,3.8793900743024474e-07,1.4922787234617313e-07,1.00850244072935e-06,3.8793900743024474e-07,3.8793900743024474e-07,3.8793900743024474e-07
"(6,5) CNT","(6,5)",1,0.746974765428039,26.99550840111692,187.0,-6.391855965414555,0.4148180320804963,4.0564304542431206e-07,1.560723618079587e-07,1.0542948052748676e-06,4.0564304542431206e-07,4.0564304542431206e-07,4.0564304542431206e-07
"(6,5) CNT","(6,5)",1,0.746974765428039,26.99550840111692,188.0,-6.372443577252007,0.41472578486754424,4.2418608981488756e-07,1.6324152296552707e-07,1.1022553301615658e-06,4.2418608981488756e-07,4.2418608981488756e-07,4.2418608981488756e-07
"(6,5) CNT","(6,5)",1,0.746974765428039,26.99550840111692,189.0,-6.353002385471512,0.4146367367970561,4.4360620730623867e-07,1.7075006502103184e-07,1.1524825313324876e-06,4.4360620730623867e-07,4.4360620730623867e-07,4.4360620730623867e-07
"(6,5) CNT","(6,5)",1,0.746974765428039,26.99550840111692,190.0,-6.333535391863848,0.41455085998346747,4.639429804391832e-07,1.7861328096872233e-07,1.2050788604934948e-06,4.639429804391832e-07,4.639429804391832e-07,4.639429804391832e-07
"(6,5) CNT","(6,5)",1,0.746974765428039,26.99550840111692,191.0,-6.3140455987641815,0.41446812386290055,4.852375499540311e-07,1.8684706372912037e-07,1.2601508163207745e-06,4.852375499540311e-07,4.852375499540311e-07,4.852375499540311e-07
"(6,5) CNT","(6,5)",1,0.746974765428039,26.99550840111692,192.0,-6.294536008053004,0.41438849551408125,5.075326569366563e-07,1.9546792217382402e-07,1.3178090552787215e-06,5.075326569366563e-07,5.075326569366563e-07,5.075326569366563e-07
"(6,5) CNT","(6,5)",1,0.746974765428039,26.99550840111692,193.0,-6.275009620157211,0.41431193997674304,5.308726846174953e-07,2.0449299698784774e-07,1.378168501729839e-06,5.308726846174953e-07,5.308726846174953e-07,5.308726846174953e-07
"(6,5) CNT","(6,5)",1,0.746974765428039,26.99550840111692,194.0,-6.255469433051943,0.4142384205668448,5.55303699683876e-07,2.1394007631251692e-07,1.4413484569957549e-06,5.55303699683876e-07,5.55303699683876e-07,5.55303699683876e-07
"(6,5) CNT","(6,5)",1,0.746974765428039,26.99550840111692,195.0,-6.235918441263763,0.41416789918800634,5.808734929570046e-07,2.2382761110813008e-07,1.5074727070069482e-06,5.808734929570046e-07,5.808734929570046e-07,5.808734929570046e-07
"(6,5) CNT","(6,5)",1,0.746974765428039,26.99550840111692,196.0,-6.216359634875398,0.4141003366385384,6.076316192760327e-07,2.3417473017189498e-07,1.5766696281575386e-06,6.076316192760327e-07,6.076316192760327e-07,6.076316192760327e-07
"(6,5) CNT","(6,5)",1,0.746974765428039,26.99550840111692,197.0,-6.196795998533251,0.41403569291350595,6.356294364210447e-07,2.4500125474223663e-07,1.6490722909562454e-06,6.356294364210447e-07,6.356294364210447e-07,6.356294364210447e-07
"(6,5) CNT","(6,5)",1,0.746974765428039,26.99550840111692,198.0,-6.177230510457258,0.41397392750130874,6.649201428994831e-07,2.563277126174113e-07,1.7248185610479233e-06,6.649201428994831e-07,6.649201428994831e-07,6.649201428994831e-07
"(6,5) CNT","(6,5)",1,0.746974765428039,26.99550840111692,199.0,-6.157666141454586,0.41391499967426437,6.955588144085914e-07,2.681753517114289e-07,1.8040511971513412e-06,6.955588144085914e-07,6.955588144085914e-07,6.955588144085914e-07
"(6,5) CNT","(6,5)",1,0.746974765428039,26.99550840111692,200.0,-6.138105853936905,0.4138588687727189,7.276024387794717e-07,2.8056615296723057e-07,1.8869179454432196e-06,7.276024387794717e-07,7.276024387794717e-07,7.276024387794717e-07
"(6,5) CNT","(6,5)",1,0.746974765428039,26.99550840111692,201.0,-6.118552600942398,0.41380549448227083,7.611099491970718e-07,2.93522842542328e-07,1.9735716298919117e-06,7.611099491970718e-07,7.611099491970718e-07,7.611099491970718e-07
"(6,5) CNT","(6,5)",1,0.746974765428039,26.99550840111692,202.0,-6.0990093251625925,0.41375483710369537,7.961422554829026e-07,3.070689031788437e-07,2.0641702380271295e-06,7.961422554829026e-07,7.961422554829026e-07,7.961422554829026e-07
"(6,5) CNT","(6,5)",1,0.746974765428039,26.99550840111692,203.0,-6.079478957974709,0.41370685781519606,8.327622732174697e-07,3.2122858466570974e-07,2.1588770016093658e-06,8.327622732174697e-07,8.327622732174697e-07,8.327622732174697e-07
"(6,5) CNT","(6,5)",1,0.746974765428039,26.99550840111692,204.0,-6.059964418480154,0.4136615189266472,8.710349504708756e-07,3.3602691329708315e-07,2.2578604716433184e-06,8.710349504708756e-07,8.710349504708756e-07,8.710349504708756e-07
"(6,5) CNT","(6,5)",1,0.746974765428039,26.99550840111692,205.0,-6.040468612549452,0.4136187841255104,9.110272919023413e-07,3.5148970022766483e-07,2.361294587162383e-06,9.110272919023413e-07,9.110272919023413e-07,9.110272919023413e-07
"(6,5) CNT","(6,5)",1,0.746974765428039,26.99550840111692,206.0,-6.020994431874319,0.41357861871416185,9.528083799808429e-07,3.6764354862187564e-07,2.4693587371920484e-06,9.528083799808429e-07,9.528083799808429e-07,9.528083799808429e-07
"(6,5) CNT","(6,5)",1,0.746974765428039,26.99550840111692,207.0,-6.001544753027387,0.4135409898383688,9.964493930720141e-07,3.845158594907348e-07,2.58223781528447e-06,9.964493930720141e-07,9.964493930720141e-07,9.964493930720141e-07
"(6,5) CNT","(6,5)",1,0.746974765428039,26.99550840111692,208.0,-5.982122436530001,0.4135058667067053,1.0420236201297905e-06,4.0213483610727676e-07,2.700122266002176e-06,1.0420236201297905e-06,1.0420236201297905e-06,1.0420236201297905e-06
"(6,5) CNT","(6,5)",1,0.746974765428039,26.99550840111692,209.0,-5.962730325928587,0.4134732208006793,1.089606471725084e-06,4.2052948688859316e-07,2.8232081227153303e-06,1.089606471725084e-06,1.089606471725084e-06,1.089606471725084e-06
"(6,5) CNT","(6,5)",1,0.746974765428039,26.99550840111692,210.0,-5.943371246880277,0.41344302607546785,1.1392754871377517e-06,4.3972962662977334e-07,2.951697036064751e-06,1.1392754871377517e-06,1.1392754871377517e-06,1.1392754871377517e-06
"(6,5) CNT","(6,5)",1,0.746974765428039,26.99550840111692,211.0,-5.924048006248126,0.41341525915106137,1.1911103372343296e-06,4.5976587597328116e-07,3.085796292434994e-06,1.1911103372343296e-06,1.1911103372343296e-06,1.1911103372343296e-06
"(6,5) CNT","(6,5)",1,0.746974765428039,26.99550840111692,212.0,-5.904763391206453,0.4133898994937194,1.2451928228497737e-06,4.8066965899524e-07,3.2257188217739e-06,1.2451928228497737e-06,1.2451928228497737e-06,1.2451928228497737e-06
"(6,5) CNT","(6,5)",1,0.746974765428039,26.99550840111692,213.0,-5.885520168356858,0.4133669295876708,1.3016068683885684e-06,5.024731987886323e-07,3.3716831940900414e-06,1.3016068683885684e-06,1.3016068683885684e-06,1.3016068683885684e-06
"(6,5) CNT","(6,5)",1,0.746974765428039,26.99550840111692,214.0,-5.866321082855335,0.4133463350969359,1.360438510359177e-06,5.252095109226545e-07,3.523913603957669e-06,1.360438510359177e-06,1.360438510359177e-06,1.360438510359177e-06
"(6,5) CNT","(6,5)",1,0.746974765428039,26.99550840111692,215.0,-5.847168857550987,0.4133281050172927,1.421775880554932e-06,5.489123946567183e-07,3.6826398423594257e-06,1.421775880554932e-06,1.421775880554932e-06,1.421775880554932e-06
"(6,5) CNT","(6,5)",1,0.746974765428039,26.99550840111692,216.0,-5.828066192136895,0.41331223181828247,1.485709183594884e-06,5.736164217876747e-07,3.8480972551989184e-06,1.485709183594884e-06,1.485709183594884e-06,1.485709183594884e-06
"(6,5) CNT","(6,5)",1,0.746974765428039,26.99550840111692,217.0,-5.809015762313426,0.4132987115753133,1.5523306685409307e-06,5.993569230095672e-07,4.0205266878251564e-06,1.5523306685409307e-06,1.5523306685409307e-06,1.5523306685409307e-06
"(6,5) CNT","(6,5)",1,0.746974765428039,26.99550840111692,218.0,-5.7900202189646786,0.41328754409183455,1.6217345943094152e-06,6.261699716659164e-07,4.200174414916103e-06,1.6217345943094152e-06,1.6217345943094152e-06,1.6217345943094152e-06
"(6,5) CNT","(6,5)",1,0.746974765428039,26.99550840111692,219.0,-5.771082187348303,0.4132787330116021,1.6940171886016431e-06,6.540923647768572e-07,4.387292055085841e-06,1.6940171886016431e-06,1.6940171886016431e-06,1.6940171886016431e-06
"(6,5) CNT","(6,5)",1,0.746974765428039,26.99550840111692,220.0,-5.7522042662992945,0.41327228592113846,1.7692766000828722e-06,6.831616012252994e-07,4.582136469594192e-06,1.7692766000828722e-06,1.7692766000828722e-06,1.7692766000828722e-06
"(6,5) CNT","(6,5)",1,0.746974765428039,26.99550840111692,221.0,-5.733389027448144,0.4132682144423494,1.8476128435477898e-06,7.134158569898475e-07,4.784969644557998e-06,1.8476128435477898e-06,1.8476128435477898e-06,1.8476128435477898e-06
"(6,5) CNT","(6,5)",1,0.746974765428039,26.99550840111692,222.0,-5.714639014453771,0.4132665343154621,1.9291277378199597e-06,7.448939573157431e-07,4.996058556089057e-06,1.9291277378199597e-06,1.9291277378199597e-06,1.9291277378199597e-06
"(6,5) CNT","(6,5)",1,0.746974765428039,26.99550840111692,223.0,-5.69595674225167,0.4132672654723104,2.0139248361438645e-06,7.776353457198564e-07,5.2156750178099916e-06,2.0139248361438645e-06,2.0139248361438645e-06,2.0139248361438645e-06
"(6,5) CNT","(6,5)",1,0.746974765428039,26.99550840111692,224.0,-5.6773446963177,0.4132704321001005,2.1021093488411962e-06,8.116800497309765e-07,5.4440955102323235e-06,2.1021093488411962e-06,2.1021093488411962e-06,2.1021093488411962e-06
"(6,5) CNT","(6,5)",1,0.746974765428039,26.99550840111692,225.0,-5.6588053319478435,0.41327606269573525,2.1937880580182554e-06,8.470686432730713e-07,5.681600991517315e-06,2.1937880580182554e-06,2.1937880580182554e-06,2.1937880580182554e-06
"(6,5) CNT","(6,5)",1,0.746974765428039,26.99550840111692,226.0,-5.640341073554524,0.4132841901108399,2.289069224126725e-06,8.83842205605606e-07,5.9284766891775725e-06,2.289069224126725e-06,2.289069224126725e-06,2.289069224126725e-06
"(6,5) CNT","(6,5)",1,0.746974765428039,26.99550840111692,227.0,-5.621954313979586,0.4132948515876108,2.3880624842009094e-06,9.220422767437685e-07,6.18501187232721e-06,2.3880624842009094e-06,2.3880624842009094e-06,2.3880624842009094e-06
"(6,5) CNT","(6,5)",1,0.746974765428039,26.99550840111692,228.0,-5.603647413824541,0.413308088785616,2.4908787416124993e-06,9.617108092892103e-07,6.451499604130193e-06,2.4908787416124993e-06,2.4908787416124993e-06,2.4908787416124993e-06
"(6,5) CNT","(6,5)",1,0.746974765428039,26.99550840111692,229.0,-5.585422700798404,0.4133239477997,2.5976300472073873e-06,1.0028901166118766e-06,6.728236474152072e-06,2.5976300472073873e-06,2.5976300472073873e-06,2.5976300472073873e-06
"(6,5) CNT","(6,5)",1,0.746974765428039,26.99550840111692,230.0,-5.567282469083293,0.4133424791691492,2.7084294717142034e-06,1.0456228173342926e-06,7.015522310379004e-06,2.7084294717142034e-06,2.7084294717142034e-06,2.7084294717142034e-06
"(6,5) CNT","(6,5)",1,0.746974765428039,26.99550840111692,231.0,-5.549228978718426,0.4133637378782526,2.823390969337617e-06,1.0899517760799914e-06,7.313659870720903e-06,2.823390969337617e-06,2.823390969337617e-06,2.823390969337617e-06
"(6,5) CNT","(6,5)",1,0.746974765428039,26.99550840111692,232.0,-5.5312644550025905,0.4133877833484646,2.9426292324802335e-06,1.1359200404608838e-06,7.622954513888065e-06,2.9426292324802335e-06,2.9426292324802335e-06,2.9426292324802335e-06
"(6,5) CNT","(6,5)",1,0.746974765428039,26.99550840111692,233.0,-5.513391087915565,0.4134146794222817,3.0662595375643262e-06,1.1835707742907187e-06,7.943713849590889e-06,3.0662595375643262e-06,3.0662595375643262e-06,3.0662595375643262e-06
"(6,5) CNT","(6,5)",1,0.746974765428039,26.99550840111692,234.0,-5.495611031558673,0.413444494339065,3.194397581957569e-06,1.2329471870259144e-06,8.276247368089328e-06,3.194397581957569e-06,3.194397581957569e-06,3.194397581957569e-06
"(6,5) CNT","(6,5)",1,0.746974765428039,26.99550840111692,235.0,-5.477926403614893,0.4134773007029461,3.327159312038346e-06,1.2840924594492563e-06,8.620866049187274e-06,3.327159312038346e-06,3.327159312038346e-06,3.327159312038346e-06
"(6,5) CNT","(6,5)",1,0.746974765428039,26.99550840111692,236.0,-5.460339284828709,0.4135131754430193,3.4646607424720796e-06,1.337049665627671e-06,8.977881950848868e-06,3.4646607424720796e-06,3.4646607424720796e-06,3.4646607424720796e-06
"(6,5) CNT","(6,5)",1,0.746974765428039,26.99550840111692,237.0,-5.442851718505991,0.41355219976599367,3.607017766805428e-06,1.3918616911912022e-06,9.347607777691709e-06,3.607017766805428e-06,3.607017766805428e-06,3.607017766805428e-06
"(6,5) CNT","(6,5)",1,0.746974765428039,26.99550840111692,238.0,-5.4254657100342145,0.413594459101511,3.754345959521786e-06,1.4485711479966963e-06,9.730356429693094e-06,3.754345959521786e-06,3.754345959521786e-06,3.754345959521786e-06
"(6,5) CNT","(6,5)",1,0.746974765428039,26.99550840111692,239.0,-5.408183226423215,0.41364004304031105,3.906760369741171e-06,1.5072202852575638e-06,1.01264405315325e-05,3.906760369741171e-06,3.906760369741171e-06,3.906760369741171e-06
"(6,5) CNT","(6,5)",1,0.746974765428039,26.99550840111692,240.0,-5.3910061958666,0.4136890452654378,4.064375306787257e-06,1.5678508972389153e-06,1.0536171943080349e-05,4.064375306787257e-06,4.064375306787257e-06,4.064375306787257e-06
"(6,5) CNT","(6,5)",1,0.746974765428039,26.99550840111692,241.0,-5.373936507324314,0.41374156347670304,4.2273041178816865e-06,1.630504227634491e-06,1.0959861251623439e-05,4.2273041178816865e-06,4.2273041178816865e-06,4.2273041178816865e-06
"(6,5) CNT","(6,5)",1,0.746974765428039,26.99550840111692,242.0,-5.356976010126284,0.4137976993085773,4.395658958271125e-06,1.6952208707623862e-06,1.1397817246515879e-05,4.395658958271125e-06,4.395658958271125e-06,4.395658958271125e-06
"(6,5) CNT","(6,5)",1,0.746974765428039,26.99550840111692,243.0,-5.340126513597426,0.41385755824177156,4.569550554131617e-06,1.7620406697343503e-06,1.1850346377029203e-05,4.569550554131617e-06,4.569550554131617e-06,4.569550554131617e-06
"(6,5) CNT","(6,5)",1,0.746974765428039,26.99550840111692,244.0,-5.323389786704274,0.41392124950865133,4.749087958635778e-06,1.83100261177285e-06,1.2317752194259198e-05,4.749087958635778e-06,4.749087958635778e-06,4.749087958635778e-06
"(6,5) CNT","(6,5)",1,0.746974765428039,26.99550840111692,245.0,-5.306767557723219,0.4139888859927386,4.934378301613623e-06,1.9021447208703731e-06,1.28003347780469e-05,4.934378301613623e-06,4.934378301613623e-06,4.934378301613623e-06
"(6,5) CNT","(6,5)",1,0.746974765428039,26.99550840111692,246.0,-5.290261513930682,0.41406058412251096,5.125526533275559e-06,1.9755039480034854e-06,1.3298390149947412e-05,5.125526533275559e-06,5.125526533275559e-06,5.125526533275559e-06
"(6,5) CNT","(6,5)",1,0.746974765428039,26.99550840111692,247.0,-5.273873301315146,0.4141364637597081,5.322635162511867e-06,2.0511160591352005e-06,1.381220967337778e-05,5.322635162511867e-06,5.322635162511867e-06,5.322635162511867e-06
"(6,5) CNT","(6,5)",1,0.746974765428039,26.99550840111692,248.0,-5.257604524311439,0.41421664808237246,5.525803990318551e-06,2.129015521256286e-06,1.434207944214642e-05,5.525803990318551e-06,5.525803990318551e-06,5.525803990318551e-06
"(6,5) CNT","(6,5)",1,0.746974765428039,26.99550840111692,249.0,-5.241456745557043,0.414301263462854,5.735129838946081e-06,2.2092353867375342e-06,1.4888279658666071e-05,5.735129838946081e-06,5.735129838946081e-06,5.735129838946081e-06
"(6,5) CNT","(6,5)",1,0.746974765428039,26.99550840111692,250.0,-5.225431485670805,0.4143904393410245,5.950706277399474e-06,2.291807176280668e-06,1.5451084003214095e-05,5.950706277399474e-06,5.950706277399474e-06,5.950706277399474e-06
"(6,5) CNT","(6,5)",1,0.746974765428039,26.99550840111692,251.0,-5.2095302230539176,0.41448430809289616,6.172623343961599e-06,2.376760760775959e-06,1.603075899569314e-05,6.172623343961599e-06,6.172623343961599e-06,6.172623343961599e-06
"(6,5) CNT","(6,5)",1,0.746974765428039,26.99550840111692,252.0,-5.193754393713299,0.41458300489493727,6.400967266444032e-06,2.4641242423899535e-06,1.6627563351411566e-05,6.400967266444032e-06,6.400967266444032e-06,6.400967266444032e-06
"(6,5) CNT","(6,5)",1,0.746974765428039,26.99550840111692,253.0,-5.178105391107483,0.414686667584299,6.6358201809039154e-06,2.5539238352234977e-06,1.724174733246819e-05,6.6358201809039154e-06,6.6358201809039154e-06,6.6358201809039154e-06
"(6,5) CNT","(6,5)",1,0.746974765428039,26.99550840111692,254.0,-5.162584566014841,0.414795436515218,6.877259849601037e-06,2.646183745896861e-06,1.7873552096400013e-05,6.877259849601037e-06,6.877259849601037e-06,6.877259849601037e-06
"(6,5) CNT","(6,5)",1,0.746974765428039,26.99550840111692,255.0,-5.147193226424474,0.4149094544118481,7.125359378991138e-06,2.740926054430175e-06,1.8523209043788656e-05,7.125359378991138e-06,7.125359378991138e-06,7.125359378991138e-06
"(6,5) CNT","(6,5)",1,0.746974765428039,26.99550840111692,256.0,-5.131932637449307,0.4150288662177891,7.380186938590471e-06,2.838170595805098e-06,1.9190939166604536e-05,7.380186938590471e-06,7.380186938590471e-06,7.380186938590471e-06
"(6,5) CNT","(6,5)",1,0.746974765428039,26.99550840111692,257.0,-5.116804021261869,0.41515381894259606,7.641805481555675e-06,2.937934842599528e-06,1.987695239907488e-05,7.641805481555675e-06,7.641805481555675e-06,7.641805481555675e-06
"(6,5) CNT","(6,5)",1,0.746974765428039,26.99550840111692,258.0,-5.10180855705232,0.4152844615055041,7.910272467858634e-06,3.0402337891034983e-06,2.0581446972936126e-05,7.910272467858634e-06,7.910272467858634e-06,7.910272467858634e-06
"(6,5) CNT","(6,5)",1,0.746974765428039,26.99550840111692,259.0,-5.086947381008919,0.41542094457672984,8.185639590942814e-06,3.145079837328163e-06,2.1304608778940525e-05,8.185639590942814e-06,8.185639590942814e-06,8.185639590942814e-06
"(6,5) CNT","(6,5)",1,0.746974765428039,26.99550840111692,260.0,-5.07222158632071,0.4155634204165621,8.467952508769137e-06,3.252482685330721e-06,2.2046610736523642e-05,8.467952508769137e-06,8.467952508769137e-06,8.467952508769137e-06
"(6,5) CNT","(6,5)",1,0.746974765428039,26.99550840111692,261.0,-5.05763222320244,0.41571204271259543,8.757250580165353e-06,3.362449218280737e-06,2.2807612173550886e-05,8.757250580165353e-06,8.757250580165353e-06,8.757250580165353e-06
"(6,5) CNT","(6,5)",1,0.746974765428039,26.99550840111692,262.0,-5.0431802989415555,0.4158669664154098,9.053566607402513e-06,3.474983402698279e-06,2.3587758218075944e-05,9.053566607402513e-06,9.053566607402513e-06,9.053566607402513e-06
"(6,5) CNT","(6,5)",1,0.746974765428039,26.99550840111692,263.0,-5.0288667779673,0.4160283475729703,9.356926585920948e-06,3.590086184294516e-06,2.4387179204033237e-05,9.356926585920948e-06,9.356926585920948e-06,9.356926585920948e-06
"(6,5) CNT","(6,5)",1,0.746974765428039,26.99550840111692,264.0,-5.01469258194144,0.4161963431641524,9.667349462137194e-06,3.7077553898479174e-06,2.520599009281399e-05,9.667349462137194e-06,9.667349462137194e-06,9.667349462137194e-06
"(6,5) CNT","(6,5)",1,0.746974765428039,26.99550840111692,265.0,-5.000658589870935,0.4163711109316388,9.984846900240701e-06,3.827985633541293e-06,2.604428991260761e-05,9.984846900240701e-06,9.984846900240701e-06,9.984846900240701e-06
"(6,5) CNT","(6,5)",1,0.746974765428039,26.99550840111692,266.0,-4.9867656382420265,0.41655280921459686,1.0309423058896965e-05,3.950768228185628e-06,2.69021612174215e-05,1.0309423058896965e-05,1.0309423058896965e-05,1.0309423058896965e-05
"(6,5) CNT","(6,5)",1,0.746974765428039,26.99550840111692,267.0,-4.973014521175743,0.4167415967814568,1.0641074378748271e-05,4.076091101746125e-06,2.777966956762721e-05,1.0641074378748271e-05,1.0641074378748271e-05,1.0641074378748271e-05
"(6,5) CNT","(6,5)",1,0.746974765428039,26.99550840111692,268.0,-4.959405990604696,0.4169376326631537,1.0979789381586468e-05,4.203938719577009e-06,2.86768630338477e-05,1.0979789381586468e-05,1.0979789381586468e-05,1.0979789381586468e-05
"(6,5) CNT","(6,5)",1,0.746974765428039,26.99550840111692,269.0,-4.945940756470613,0.4171410759871985,1.1325548482060247e-05,4.334292012764439e-06,2.959377172598183e-05,1.1325548482060247e-05,1.1325548482060247e-05,1.1325548482060247e-05
"(6,5) CNT","(6,5)",1,0.746974765428039,26.99550840111692,270.0,-4.932619486942921,0.41735208581297323,1.167832381272986e-05,4.467128312954392e-06,3.053040734905027e-05,1.167832381272986e-05,1.167832381272986e-05,1.167832381272986e-05
"(6,5) CNT","(6,5)",1,0.746974765428039,26.99550840111692,271.0,-4.9194428086577595,0.4175708209686054,1.2038079063274467e-05,4.602421294036e-06,3.148676278754274e-05,1.2038079063274467e-05,1.2038079063274467e-05,1.2038079063274467e-05
"(6,5) CNT","(6,5)",1,0.746974765428039,26.99550840111692,272.0,-4.906411306977217,0.417797439889832,1.2404769334609948e-05,4.740140921027821e-06,3.2462811719849324e-05,1.2404769334609948e-05,1.2404769334609948e-05,1.2404769334609948e-05
"(6,5) CNT","(6,5)",1,0.746974765428039,26.99550840111692,273.0,-4.893525526268701,0.41803210046124384,1.2778341008633542e-05,4.8802534064938e-06,3.345850826427432e-05,1.2778341008633542e-05,1.2778341008633542e-05,1.2778341008633542e-05
"(6,5) CNT","(6,5)",1,0.746974765428039,26.99550840111692,274.0,-4.880785970204079,0.41827495986032764,1.315873163427285e-05,5.0227211747950846e-06,3.447378665806135e-05,1.315873163427285e-05,1.315873163427285e-05,1.315873163427285e-05
"(6,5) CNT","(6,5)",1,0.746974765428039,26.99550840111692,275.0,-4.868193102078129,0.41852617440468803,1.3545869830474192e-05,5.167502834461791e-06,3.550856097077728e-05,1.3545869830474192e-05,1.3545869830474192e-05,1.3545869830474192e-05
"(6,5) CNT","(6,5)",1,0.746974765428039,26.99550840111692,276.0,-4.8557473451464945,0.4187858994029042,1.3939675206692976e-05,5.314553158933757e-06,3.656272485325476e-05,1.3939675206692976e-05,1.3939675206692976e-05,1.3939675206692976e-05
"(6,5) CNT","(6,5)",1,0.746974765428039,26.99550840111692,277.0,-4.843449082982062,0.4190542890094055,1.434005830143374e-05,5.463823075907169e-06,3.763615132328866e-05,1.434005830143374e-05,1.434005830143374e-05,1.434005830143374e-05
"(6,5) CNT","(6,5)",1,0.746974765428039,26.99550840111692,278.0,-4.831298659850334,0.41933149608382236,1.4746920539278135e-05,5.615259665473665e-06,3.872869258904323e-05,1.4746920539278135e-05,1.4746920539278135e-05,1.4746920539278135e-05
"(6,5) CNT","(6,5)",1,0.746974765428039,26.99550840111692,279.0,-4.819296381102603,0.4196176720552347,1.5160154206834417e-05,5.7688061672289765e-06,3.984017991115783e-05,1.5160154206834417e-05,1.5160154206834417e-05,1.5160154206834417e-05
"(6,5) CNT","(6,5)",1,0.746974765428039,26.99550840111692,280.0,-4.807442513587219,0.41991296679171675,1.5579642447931372e-05,5.924401996477683e-06,4.09704235042956e-05,1.5579642447931372e-05,1.5579642447931372e-05,1.5579642447931372e-05
"(6,5) CNT","(6,5)",1,0.746974765428039,26.99550840111692,281.0,-4.795737286078267,0.4202175284756608,1.600525927834518e-05,6.081982769637551e-06,4.211921247884767e-05,1.600525927834518e-05,1.600525927834518e-05,1.600525927834518e-05
"(6,5) CNT","(6,5)",1,0.746974765428039,26.99550840111692,282.0,-4.784180889721368,0.4205315034852886,1.6436869620268445e-05,6.2414803389083496e-06,4.3286314823344815e-05,1.6436869620268445e-05,1.6436869620268445e-05,1.6436869620268445e-05
"(6,5) CNT","(6,5)",1,0.746974765428039,26.99550840111692,283.0,-4.77277347849613,0.42085503628277005,1.6874329356667385e-05,6.4028228362362665e-06,4.4471477428019145e-05,1.6874329356667385e-05,1.6874329356667385e-05,1.6874329356667385e-05
"(6,5) CNT","(6,5)",1,0.746974765428039,26.99550840111692,284.0,-4.7615151696950875,0.42118826930940056,1.7317485405591742e-05,6.565934726563907e-06,4.5674426149804955e-05,1.7317485405591742e-05,1.7317485405591742e-05,1.7317485405591742e-05
"(6,5) CNT","(6,5)",1,0.746974765428039,26.99550840111692,285.0,-4.750406044418357,0.4215313428882614,1.7766175814453923e-05,6.730736870327941e-06,4.689486591899837e-05,1.7766175814453923e-05,1.7766175814453923e-05,1.7766175814453923e-05
"(6,5) CNT","(6,5)",1,0.746974765428039,26.99550840111692,286.0,-4.739446148083983,0.4218843951347775,1.822022987419364e-05,6.897146595118571e-06,4.813248088759106e-05,1.822022987419364e-05,1.822022987419364e-05,1.822022987419364e-05
"(6,5) CNT","(6,5)",1,0.746974765428039,26.99550840111692,287.0,-4.728635490953215,0.4222475618755897,1.8679468253201416e-05,7.0650777763885766e-06,4.9386934619241616e-05,1.8679468253201416e-05,1.8679468253201416e-05,1.8679468253201416e-05
"(6,5) CNT","(6,5)",1,0.746974765428039,26.99550840111692,288.0,-4.717974048670513,0.42262097657616104,1.9143703150780063e-05,7.234440927053936e-06,5.0657870320661784e-05,1.9143703150780063e-05,1.9143703150780063e-05,1.9143703150780063e-05
"(6,5) CNT","(6,5)",1,0.746974765428039,26.99550840111692,289.0,-4.707461762817684,0.42300477027750627,1.9612738469869674e-05,7.405143295798293e-06,5.194491111411215e-05,1.9612738469869674e-05,1.9612738469869674e-05,1.9612738469869674e-05
"(6,5) CNT","(6,5)",1,0.746974765428039,26.99550840111692,290.0,-4.697098541481813,0.423399071542454,2.008637000867914e-05,7.577088973852287e-06,5.324766035054747e-05,2.008637000867914e-05,2.008637000867914e-05,2.008637000867914e-05
"(6,5) CNT","(6,5)",1,0.746974765428039,26.99550840111692,291.0,-4.6868842598363365,0.4238040064118006,2.0564385670813897e-05,7.750179009990032e-06,5.4565701962866e-05,2.0564385670813897e-05,2.0564385670813897e-05,2.0564385670813897e-05
"(6,5) CNT","(6,5)",1,0.746974765428039,26.99550840111692,292.0,-4.676818760735152,0.4242196983707253,2.104656569339753e-05,7.924311533440997e-06,5.589860085853424e-05,2.104656569339753e-05,2.104656569339753e-05,2.104656569339753e-05
"(6,5) CNT","(6,5)",1,0.746974765428039,26.99550840111692,293.0,-4.666901855318692,0.42464626832583574,2.1532682892664105e-05,8.0993818843991e-06,5.7245903350861506e-05,2.1532682892664105e-05,2.1532682892664105e-05,2.1532682892664105e-05
"(6,5) CNT","(6,5)",1,0.746974765428039,26.99550840111692,294.0,-4.65713332363212,0.42508383459316734,2.2022502926379196e-05,8.275282751758518e-06,5.860713762793404e-05,2.2022502926379196e-05,2.2022502926379196e-05,2.2022502926379196e-05
"(6,5) CNT","(6,5)",1,0.746974765428039,26.99550840111692,295.0,-4.647512915254736,0.4255325128974456,2.251578457243767e-05,8.451904317694912e-06,5.998181425824347e-05,2.251578457243767e-05,2.251578457243767e-05,2.251578457243767e-05
"(6,5) CNT","(6,5)",1,0.746974765428039,26.99550840111692,296.0,-4.638040349940226,0.4259924163829282,2.301228002290298e-05,8.629134408672065e-06,6.136942673187473e-05,2.301228002290298e-05,2.301228002290298e-05,2.301228002290298e-05
"(6,5) CNT","(6,5)",1,0.746974765428039,26.99550840111692,297.0,-4.6287153182671545,0.42646365563609656,2.351173519271291e-05,8.806858652433818e-06,6.276945203605435e-05,2.351173519271291e-05,2.351173519271291e-05,2.351173519271291e-05
"(6,5) CNT","(6,5)",1,0.746974765428039,26.99550840111692,298.0,-4.619537482299372,0.4269463387204464,2.4013890042210183e-05,8.984960640510987e-06,6.418135126372301e-05,2.4013890042210183e-05,2.4013890042210183e-05,2.4013890042210183e-05
"(6,5) CNT","(6,5)",1,0.746974765428039,26.99550840111692,299.0,-4.610506476255652,0.4274405712236162,2.4518478912630884e-05,9.163322095759032e-06,6.56045702537677e-05,2.4518478912630884e-05,2.4518478912630884e-05,2.4518478912630884e-05
"(6,5) CNT","(6,5)",1,0.746974765428039,26.99550840111692,300.0,-4.601621907188036,0.4279464563170624,2.5025230873631582e-05,9.341823044419504e-06,6.703854026143982e-05,2.5025230873631582e-05,2.5025230873631582e-05,2.5025230873631582e-05
"(6,5) CNT","(6,5)",1,0.746974765428039,26.99550840111692,301.0,-4.592883355668472,0.4284640948284564,2.5533870081893847e-05,9.520341992180305e-06,6.848267865739985e-05,2.5533870081893847e-05,2.5533870081893847e-05,2.5533870081893847e-05
"(6,5) CNT","(6,5)",1,0.746974765428039,26.99550840111692,302.0,-4.584290376483134,0.42899358532694193,2.604411614981958e-05,9.698756103699202e-06,6.993638965378088e-05,2.604411614981958e-05,2.604411614981958e-05,2.604411614981958e-05
"(6,5) CNT","(6,5)",1,0.746974765428039,26.99550840111692,303.0,-4.575842499333881,0.42953502422140694,2.6555684523300645e-05,9.876941385042617e-06,7.139906505560645e-05,2.6555684523300645e-05,2.6555684523300645e-05,2.6555684523300645e-05
"(6,5) CNT","(6,5)",1,0.746974765428039,26.99550840111692,304.0,-4.56753922954622,0.4300885058718042,2.706828686752526e-05,1.0054772868486404e-05,7.287008503583795e-05,2.706828686752526e-05,2.706828686752526e-05,2.706828686752526e-05
"(6,5) CNT","(6,5)",1,0.746974765428039,26.99550840111692,305.0,-4.559380048783592,0.4306541227136697,2.7581631459737336e-05,1.0232124799106716e-05,7.434881893223066e-05,2.7581631459737336e-05,2.7581631459737336e-05,2.7581631459737336e-05
"(6,5) CNT","(6,5)",1,0.746974765428039,26.99550840111692,306.0,-4.551364415766914,0.4312319653957529,2.8095423587902555e-05,1.0408870822610368e-05,7.583462606424344e-05,2.8095423587902555e-05,2.8095423587902555e-05,2.8095423587902555e-05
"(6,5) CNT","(6,5)",1,0.746974765428039,26.99550840111692,307.0,-4.54349176699923,0.4318221229308373,2.8609365954170016e-05,1.0584884173829344e-05,7.732685656809709e-05,2.8609365954170016e-05,2.8609365954170016e-05,2.8609365954170016e-05
"(6,5) CNT","(6,5)",1,0.746974765428039,26.99550840111692,308.0,-4.535761517494756,0.43242468285965857,2.9123159082046248e-05,1.0760037865322565e-05,7.88248522481149e-05,2.9123159082046248e-05,2.9123159082046248e-05,2.9123159082046248e-05
"(6,5) CNT","(6,5)",1,0.746974765428039,26.99550840111692,309.0,-4.5281730615117635,0.43303973142785046,2.963650172618784e-05,1.0934204875528696e-05,8.032794744243949e-05,2.963650172618784e-05,2.963650172618784e-05,2.963650172618784e-05
"(6,5) CNT","(6,5)",1,0.746974765428039,26.99550840111692,310.0,-4.5207257732887935,0.43366735377582477,3.0149091283719623e-05,1.1107258335920649e-05,8.183546990119743e-05,3.0149091283719623e-05,3.0149091283719623e-05,3.0149091283719623e-05
"(6,5) CNT","(6,5)",1,0.746974765428039,26.99550840111692,311.0,-4.5134190077837895,0.4343076341413687,3.066062420598699e-05,1.1279071716623144e-05,8.334674167513896e-05,3.066062420598699e-05,3.066062420598699e-05,3.066062420598699e-05
"(6,5) CNT","(6,5)",1,0.746974765428039,26.99550840111692,312.0,-4.50625210141502,0.43496065607482354,3.117079640971211e-05,1.1449519009983116e-05,8.486108001292836e-05,3.117079640971211e-05,3.117079640971211e-05,3.117079640971211e-05
"(6,5) CNT","(6,5)",1,0.746974765428039,26.99550840111692,313.0,-4.499224372804238,0.4356265026665811,3.1679303686432954e-05,1.1618474911561252e-05,8.637779826495207e-05,3.1679303686432954e-05,3.1679303686432954e-05,3.1679303686432954e-05
"(6,5) CNT","(6,5)",1,0.746974765428039,26.99550840111692,314.0,-4.4923351235204025,0.43630525678660775,3.218584210927118e-05,1.178581499808472e-05,8.789620679191722e-05,3.218584210927118e-05,3.218584210927118e-05,3.218584210927118e-05
"(6,5) CNT","(6,5)",1,0.746974765428039,26.99550840111692,315.0,-4.485583638824387,0.4369970013357104,3.2690108435954376e-05,1.1951415901866977e-05,8.941561387613651e-05,3.2690108435954376e-05,3.2690108435954376e-05,3.2690108435954376e-05
"(6,5) CNT","(6,5)",1,0.746974765428039,26.99550840111692,316.0,-4.47896918841346,0.43770181950817555,3.31918005071612e-05,1.2115155481266137e-05,9.093532663371561e-05,3.31918005071612e-05,3.31918005071612e-05,3.31918005071612e-05
"(6,5) CNT","(6,5)",1,0.746974765428039,26.99550840111692,317.0,-4.472491027165295,0.43841979506535816,3.3690617639222296e-05,1.2276912986753348e-05,9.245465192569102e-05,3.3690617639222296e-05,3.3690617639222296e-05,3.3690617639222296e-05
"(6,5) CNT","(6,5)",1,0.746974765428039,26.99550840111692,318.0,-4.466148395880932,0.4391510126198276,3.4186261010268636e-05,1.2436569222195245e-05,9.397289726627034e-05,3.4186261010268636e-05,3.4186261010268636e-05,3.4186261010268636e-05
"(6,5) CNT","(6,5)",1,0.746974765428039,26.99550840111692,319.0,-4.459940522026136,0.43989555792953833,3.467843403895647e-05,1.259400670098465e-05,9.548937172633323e-05,3.467843403895647e-05,3.467843403895647e-05,3.467843403895647e-05
"(6,5) CNT","(6,5)",1,0.746974765428039,26.99550840111692,320.0,-4.453866620470564,0.4406535182015571,3.5166842754941043e-05,1.2749109796680234e-05,9.700338683041054e-05,3.5166842754941043e-05,3.5166842754941043e-05,3.5166842754941043e-05
Multi-Chiral CNT,"(7,6) + (7,5) + (6,5)",3,0.8156462757418597,26.31873931746686,170.0,-6.428226340560908,0.40894791180119006,3.730556822892743e-07,1.454875222576457e-07,9.565806051865884e-07,1.9294177382840289e-07,6.222853424823741e-07,3.316916454741352e-07
Multi-Chiral CNT,"(7,6) + (7,5) + (6,5)",3,0.8156462757418597,26.31873931746686,171.0,-6.412150319667395,0.40891106187796894,3.871236290185556e-07,1.5098667402080534e-07,9.925690801285255e-07,2.0132376962893726e-07,6.441575405344507e-07,3.447260858582289e-07
Multi-Chiral CNT,"(7,6) + (7,5) + (6,5)",3,0.8156462757418597,26.31873931746686,172.0,-6.396055165608207,0.40887639990045654,4.0173977721232896e-07,1.566997972302614e-07,1.0299620768331386e-06,2.1010802110820162e-07,6.667771066194879e-07,3.582997292264627e-07
Multi-Chiral CNT,"(7,6) + (7,5) + (6,5)",3,0.8156462757418597,26.31873931746686,173.0,-6.3799420114845224,0.408843913992799,4.1692504904208203e-07,1.6263502265696537e-07,1.0688134307047908e-06,2.1931390171684553e-07,6.901674737448105e-07,3.724342995112338e-07
Multi-Chiral CNT,"(7,6) + (7,5) + (6,5)",3,0.8156462757418597,26.31873931746686,174.0,-6.363811990741623,0.40881358802753365,4.3270110997088394e-07,1.6880076916942473e-07,1.1091788946892337e-06,2.2896166854478178e-07,7.143526928880387e-07,3.8715231316579304e-07
Multi-Chiral CNT,"(7,6) + (7,5) + (6,5)",3,0.8156462757418597,26.31873931746686,175.0,-6.347666237689147,0.4087854018536304,4.4909039055206653e-07,1.7520575220787138e-07,1.1511161953571225e-06,2.3907249684328693e-07,7.39357443384925e-07,4.0247710148559055e-07
Multi-Chiral CNT,"(7,6) + (7,5) + (6,5)",3,0.8156462757418597,26.31873931746686,176.0,-6.331505888014379,0.40875933152656624,4.6611610851806177e-07,1.818589923724398e-07,1.1946850897264032e-06,2.496685153941102e-07,7.652070431865265e-07,4.184328330988616e-07
Multi-Chiral CNT,"(7,6) + (7,5) + (6,5)",3,0.8156462757418597,26.31873931746686,177.0,-6.315332079287714,0.4087353495397125,4.838022911349099e-07,1.8876982411569878e-07,1.2399474227614247e-06,2.607728427035433e-07,7.919274589651528e-07,4.350445365924932e-07
Multi-Chiral CNT,"(7,6) + (7,5) + (6,5)",3,0.8156462757418597,26.31873931746686,178.0,-6.299145951459237,0.4087134250563178,5.021737977954758e-07,1.959479045289038e-07,1.2869671854803285e-06,2.724096239953566e-07,8.195453160472658e-07,4.52338123236786e-07
Multi-Chiral CNT,"(7,6) + (7,5) + (6,5)",3,0.8156462757418597,26.31873931746686,179.0,-6.282948647345117,0.4086935241414145,5.212563428220063e-07,2.0340322221037108e-07,1.3358105735963073e-06,2.846040689712658e-07,8.480879081525094e-07,4.703404097698903e-07
Multi-Chiral CNT,"(7,6) + (7,5) + (6,5)",3,0.8156462757418597,26.31873931746686,180.0,-6.266741313102904,0.4086756099929983,5.410765184453274e-07,2.1114610620305494e-07,1.386546046609885e-06,2.9738249030283637e-07,8.775832069151368e-07,4.890791411997265e-07
Multi-Chiral CNT,"(7,6) + (7,5) + (6,5)",3,0.8156462757418597,26.31873931746686,181.0,-6.250525098694894,0.40865964317187714,5.616618179248896e-07,2.1918723498717022e-07,1.4392443872616808e-06,3.107723428128547e-07,9.080598711633958e-07,5.085830135780115e-07
Multi-Chiral CNT,"(7,6) + (7,5) + (6,5)",3,0.8156462757418597,26.31873931746686,182.0,-6.234301158337791,0.4086455818295902,5.830406587718822e-07,2.2753764551291518e-07,1.4939787612501044e-06,3.248022632991141e-07,9.395472559342549e-07,5.288816966988883e-07
Multi-Chiral CNT,"(7,6) + (7,5) + (6,5)",3,0.8156462757418597,26.31873931746686,183.0,-6.218070650938442,0.4086333819338861,6.052424060325444e-07,2.3620874225630337e-07,1.5508247771057593e-06,3.395021109464863e-07,9.720754211955275e-07,5.50005856670083e-07
Multi-Chiral CNT,"(7,6) + (7,5) + (6,5)",3,0.8156462757418597,26.31873931746686,184.0,-6.20183474051401,0.40862299749121117,6.282973955871417e-07,2.452123062804717e-07,1.6098605461100508e-06,3.549030082678666e-07,1.0056751402506049e-06,5.719871783027717e-07
Multi-Chiral CNT,"(7,6) + (7,5) + (6,5)",3,0.8156462757418597,26.31873931746686,185.0,-6.185594596595735,0.4086143807657628,6.522369574157027e-07,2.54560504283055e-07,1.6711667421347543e-06,3.7103738250709946e-07,1.040377907797667e-06,5.948583872623992e-07
Multi-Chiral CNT,"(7,6) + (7,5) + (6,5)",3,0.8156462757418597,26.31873931746686,186.0,-6.169351394615273,0.4086074824946566,6.770934387781801e-07,2.642658976088604e-07,1.7348266612706138e-06,3.8793900743024474e-07,1.0762159476156027e-06,6.186532719194101e-07
Multi-Chiral CNT,"(7,6) + (7,5) + (6,5)",3,0.8156462757418597,26.31873931746686,187.0,-6.153106316272531,0.40860225209878487,7.029002272531704e-07,2.743414512056655e-07,1.8009262811042364e-06,4.0564304542431206e-07,1.1132222198476024e-06,6.434067048359337e-07
Multi-Chiral CNT,"(7,6) + (7,5) + (6,5)",3,0.8156462757418597,26.31873931746686,188.0,-6.1368605498840685,0.40859863788903955,7.296917735753362e-07,2.8480054249932403e-07,1.869554319492855e-06,4.2418608981488756e-07,1.1514304278519748e-06,6.691546638208994e-07
Multi-Chiral CNT,"(7,6) + (7,5) + (6,5)",3,0.8156462757418597,26.31873931746686,189.0,-6.120615290711068,0.4085965872675123,7.575036142078972e-07,2.956569701629008e-07,1.940802292676775e-06,4.4360620730623867e-07,1.1908750245902802e-06,6.959342524826859e-07
Multi-Chiral CNT,"(7,6) + (7,5) + (6,5)",3,0.8156462757418597,26.31873931746686,190.0,-6.104371741265847,0.40859604692341467,7.86372393582761e-07,3.0692496275296904e-07,2.0147645725603296e-06,4.639429804391832e-07,1.2315912185211028e-06,7.237837202054094e-07
Multi-Chiral CNT,"(7,6) + (7,5) + (6,5)",3,0.8156462757418597,26.31873931746686,191.0,-6.088131111596142,0.40859696302342335,8.163358859363982e-07,3.1861918718444814e-07,2.091538442980785e-06,4.852375499540311e-07,1.2736149789667317e-06,7.52742481471236e-07
Multi-Chiral CNT,"(7,6) + (7,5) + (6,5)",3,0.8156462757418597,26.31873931746686,192.0,-6.071894619546162,0.4085992813962233,8.474330166659148e-07,3.3075475701386065e-07,2.171224154775794e-06,5.075326569366563e-07,1.3169830409201587e-06,7.828511344481156e-07
Multi-Chiral CNT,"(7,6) + (7,5) + (6,5)",3,0.8156462757418597,26.31873931746686,193.0,-6.0556634909935845,0.40860294771106637,8.797038831254809e-07,3.433472404991353e-07,2.2539249794494816e-06,5.308726846174953e-07,1.3617329092586422e-06,8.141514787589906e-07
Multi-Chiral CNT,"(7,6) + (7,5) + (6,5)",3,0.8156462757418597,26.31873931746686,194.0,-6.0394389600616805,0.4086079076501454,9.131897747790318e-07,3.5641266840240094e-07,2.339747261226591e-06,5.55303699683876e-07,1.4079028623291999e-06,8.466865323453299e-07
Multi-Chiral CNT,"(7,6) + (7,5) + (6,5)",3,0.8156462757418597,26.31873931746686,195.0,-6.023222269305855,0.408614107074664,9.479331926210006e-07,3.6996754150048736e-07,2.4288004672741253e-06,5.808734929570046e-07,1.455531954870955e-06,8.805005473346505e-07
Multi-Chiral CNT,"(7,6) + (7,5) + (6,5)",3,0.8156462757418597,26.31873931746686,196.0,-6.00701466987367,0.40862149218449595,9.839778677730557e-07,3.8402883776630747e-07,2.5211972358606942e-06,6.076316192760327e-07,1.5046600202389279e-06,9.156390248191374e-07
Multi-Chiral CNT,"(7,6) + (7,5) + (6,5)",3,0.8156462757418597,26.31873931746686,197.0,-5.990817421637978,0.40863000967134216,1.0213687791597574e-06,3.986140191822545e-07,2.617053422211233e-06,6.356294364210447e-07,1.5553276718924594e-06,9.521487284485057e-07
Multi-Chiral CNT,"(7,6) + (7,5) + (6,5)",3,0.8156462757418597,26.31873931746686,198.0,-5.974631793302222,0.40863960686533507,1.0601521701630625e-06,4.1374103814548967e-07,2.7164881418077508e-06,6.649201428994831e-07,1.6075763041116858e-06,9.900776967388823e-07
Multi-Chiral CNT,"(7,6) + (7,5) + (6,5)",3,0.8156462757418597,26.31873931746686,199.0,-5.958459062477533,0.4086502318750849,1.1003755641506285e-06,4.2942834342294306e-07,2.8196238108747134e-06,6.955588144085914e-07,1.661448091905043e-06,1.0294752539954587e-06
Multi-Chiral CNT,"(7,6) + (7,5) + (6,5)",3,0.8156462757418597,26.31873931746686,200.0,-5.942300515730886,0.40866183372112314,1.1420877787697443e-06,4.456948856126021e-07,2.92658618377991e-06,7.276024387794717e-07,1.716985990069899e-06,1.070392019745485e-06
Multi-Chiral CNT,"(7,6) + (7,5) + (6,5)",3,0.8156462757418597,26.31873931746686,201.0,-5.926157448604119,0.4086743624628089,1.1853389388937177e-06,4.6256012206552726e-07,3.037504387070024e-06,7.611099491970718e-07,1.7742337313677482e-06,1.1128799165744367e-06
Multi-Chiral CNT,"(7,6) + (7,5) + (6,5)",3,0.8156462757418597,26.31873931746686,202.0,-5.910031165603171,0.40868776931871603,1.2301804881051539e-06,4.800440212220686e-07,3.1525109498542447e-06,7.961422554829026e-07,1.8332358237762508e-06,1.1569921762575324e-06
Multi-Chiral CNT,"(7,6) + (7,5) + (6,5)",3,0.8156462757418597,26.31873931746686,203.0,-5.893922980157246,0.4087020067805734,1.2766651985962284e-06,4.98167066313918e-07,3.271741830239112e-06,8.327622732174697e-07,1.8940375467792797e-06,1.2027833440761187e-06
Multi-Chiral CNT,"(7,6) + (7,5) + (6,5)",3,0.8156462757418597,26.31873931746686,204.0,-5.877834214547701,0.4087170287208386,1.3248471793626596e-06,5.169502583822121e-07,3.3953364375097316e-06,8.710349504708756e-07,1.9566849466559153e-06,1.2503092812067906e-06
Multi-Chiral CNT,"(7,6) + (7,5) + (6,5)",3,0.8156462757418597,26.31873931746686,205.0,-5.861766199806253,0.4087327904940124,1.3747818825657266e-06,5.364151185608466e-07,3.5234376497473275e-06,9.110272919023413e-07,2.021224830730332e-06,1.2996271650705557e-06
Multi-Chiral CNT,"(7,6) + (7,5) + (6,5)",3,0.8156462757418597,26.31873931746686,206.0,-5.845720275582641,0.40874924903179505,1.4265261079323888e-06,5.565836895723943e-07,3.6561918265627547e-06,9.528083799808429e-07,2.0877047605421966e-06,1.3507954875269721e-06
Multi-Chiral CNT,"(7,6) + (7,5) + (6,5)",3,0.8156462757418597,26.31873931746686,207.0,-5.829697789981341,0.4087663629322305,1.4801380050628409e-06,5.774785363835768e-07,3.793748816624783e-06,9.964493930720141e-07,2.156173043900392e-06,1.403874050799209e-06
Multi-Chiral CNT,"(7,6) + (7,5) + (6,5)",3,0.8156462757418597,26.31873931746686,208.0,-5.813700099367563,0.40878409254298614,1.5356770735108205e-06,5.991227459655516e-07,3.936261959652515e-06,1.0420236201297905e-06,2.2266787257805637e-06,1.4589239610139495e-06
Multi-Chiral CNT,"(7,6) + (7,5) + (6,5)",3,0.8156462757418597,26.31873931746686,209.0,-5.797728568142468,0.4088024000388855,1.5932041605012335e-06,6.215399261039071e-07,4.083888082539842e-06,1.089606471725084e-06,2.2992715780275385e-06,1.5160076192413923e-06
Multi-Chiral CNT,"(7,6) + (7,5) + (6,5)",3,0.8156462757418597,26.31873931746686,210.0,-5.781784568487734,0.40882124949391,1.652781456147788e-06,6.447542032022734e-07,4.236787489276767e-06,1.1392754871377517e-06,2.3740020878264836e-06,1.5751887099201043e-06
Multi-Chiral CNT,"(7,6) + (7,5) + (6,5)",3,0.8156462757418597,26.31873931746686,211.0,-5.765869480079798,0.40884060694780855,1.7144724860316977e-06,6.687902190227964e-07,4.3951239443283744e-06,1.1911103372343296e-06,2.4509214449023937e-06,1.6365321865525535e-06
Multi-Chiral CNT,"(7,6) + (7,5) + (6,5)",3,0.8156462757418597,26.31873931746686,212.0,-5.749984689773874,0.4088604404674869,1.7783421010030522e-06,6.936731263067553e-07,4.5590646491348045e-06,1.2451928228497737e-06,2.53008152741338e-06,1.7001042545587637e-06
Multi-Chiral CNT,"(7,6) + (7,5) + (6,5)",3,0.8156462757418597,26.31873931746686,213.0,-5.734131591258294,0.40888072020339156,1.8444564640648289e-06,7.194285832177848e-07,4.728780211392678e-06,1.3016068683885684e-06,2.6115348864993145e-06,1.7659723511763178e-06
Multi-Chiral CNT,"(7,6) + (7,5) + (6,5)",3,0.8156462757418597,26.31873931746686,214.0,-5.7183115846793795,0.4089014184410457,1.9128830342015045e-06,7.46082746550874e-07,4.904444606783901e-06,1.360438510359177e-06,2.6953347294517916e-06,1.8342051222983927e-06
Multi-Chiral CNT,"(7,6) + (7,5) + (6,5)",3,0.8156462757418597,26.31873931746686,215.0,-5.702526076237543,0.40892250964794113,1.9836905470135088e-06,7.736622636498413e-07,5.086235132817262e-06,1.421775880554932e-06,2.781534901469405e-06,1.9048723961426198e-06
Multi-Chiral CNT,"(7,6) + (7,5) + (6,5)",3,0.8156462757418597,26.31873931746686,216.0,-5.6867764777551075,0.4089439705159697,2.0569489920214003e-06,8.021942629769072e-07,5.27433235445571e-06,1.485709183594884e-06,2.8701898659643297e-06,1.978045153647768e-06
Multi-Chiral CNT,"(7,6) + (7,5) + (6,5)",3,0.8156462757418597,26.31873931746686,217.0,-5.67106420621648,0.4089657799995843,2.1327295865054477e-06,8.317063432785515e-07,5.468920041207768e-06,1.5523306685409307e-06,2.9613546833879857e-06,2.0537954954987186e-06
Multi-Chiral CNT,"(7,6) + (7,5) + (6,5)",3,0.8156462757418597,26.31873931746686,218.0,-5.6553906832813245,0.40898791934988293,2.2111047457494154e-06,8.622265612929149e-07,5.670185095370433e-06,1.6217345943094152e-06,3.055084988544827e-06,2.1321966056842497e-06
Multi-Chiral CNT,"(7,6) + (7,5) + (6,5)",3,0.8156462757418597,26.31873931746686,219.0,-5.639757334771738,0.4090103721447795,2.292148049559516e-06,8.937834179447926e-07,5.878317471116944e-06,1.6940171886016431e-06,3.1514369663614693e-06,2.2133227114963392e-06
Multi-Chiral CNT,"(7,6) + (7,5) + (6,5)",3,0.8156462757418597,26.31873931746686,220.0,-5.624165590133968,0.40903312431548083,2.3759342049360264e-06,9.264058429765821e-07,6.0935100841410445e-06,1.7692766000828722e-06,3.250467326085512e-06,2.297249039886464e-06
Multi-Chiral CNT,"(7,6) + (7,5) + (6,5)",3,0.8156462757418597,26.31873931746686,221.0,-5.608616881875898,0.40905616416940055,2.4625390047771753e-06,9.601231779644409e-07,6.315958711574352e-06,1.8476128435477898e-06,3.3522332738832662e-06,2.384051770098149e-06
Multi-Chiral CNT,"(7,6) + (7,5) + (6,5)",3,0.8156462757418597,26.31873931746686,222.0,-5.5931126449809305,0.4090794824097091,2.552039282503716e-06,9.949651576721117e-07,6.545861881917671e-06,1.9291277378199597e-06,3.4567924838148966e-06,2.4738079825038693e-06
Multi-Chiral CNT,"(7,6) + (7,5) + (6,5)",3,0.8156462757418597,26.31873931746686,223.0,-5.577654316299699,0.40910307215166625,2.6445128624952823e-06,1.0309618896959444e-06,6.783420754733746e-06,2.0139248361438645e-06,3.5642030671578818e-06,2.5665956035784044e-06
Multi-Chiral CNT,"(7,6) + (7,5) + (6,5)",3,0.8156462757418597,26.31873931746686,224.0,-5.562243333920278,0.4091269289359076,2.7400385062412262e-06,1.0681438323590354e-06,7.0288389898796406e-06,2.1021093488411962e-06,3.674523540062389e-06,2.6624933469517954e-06
Multi-Chiral CNT,"(7,6) + (7,5) + (6,5)",3,0.8156462757418597,26.31873931746686,225.0,-5.5468811365183965,0.4091510507388123,2.838695854112346e-06,1.10654177081391e-06,7.282322606066163e-06,2.1937880580182554e-06,3.787812789513812e-06,2.7615806504895824e-06
Multi-Chiral CNT,"(7,6) + (7,5) + (6,5)",3,0.8156462757418597,26.31873931746686,226.0,-5.53156916268856,0.409175437980096,2.9405653626725825e-06,1.1461867913180416e-06,7.544079828564702e-06,2.289069224126725e-06,3.904130037588659e-06,2.8639376093598287e-06
Multi-Chiral CNT,"(7,6) + (7,5) + (6,5)",3,0.8156462757418597,26.31873931746686,227.0,-5.516308850257589,0.4092000935277693,3.04572823745585e-06,1.1871102536488616e-06,7.814320925897609e-06,2.3880624842009094e-06,4.023534803984286e-06,2.9696449050528143e-06
Multi-Chiral CNT,"(7,6) + (7,5) + (6,5)",3,0.8156462757418597,26.31873931746686,228.0,-5.501101635581536,0.4092250227005574,3.1542663611477593e-06,1.2293437616307512e-06,8.09325803538486e-06,2.4908787416124993e-06,4.146086866813958e-06,3.0787837303322454e-06
Multi-Chiral CNT,"(7,6) + (7,5) + (6,5)",3,0.8156462757418597,26.31873931746686,229.0,-5.485948952827611,0.40925023326790017,3.266262217118836e-06,1.2729191317491381e-06,8.381104977437447e-06,2.5976300472073873e-06,4.271846221653296e-06,3.1914357101033865e-06
Multi-Chiral CNT,"(7,6) + (7,5) + (6,5)",3,0.8156462757418597,26.31873931746686,230.0,-5.4708522332423115,0.40927573544763934,3.3817988082713164e-06,1.3178683598329805e-06,8.678077058527076e-06,2.7084294717142034e-06,4.400873038829938e-06,3.3076828181976757e-06
Multi-Chiral CNT,"(7,6) + (7,5) + (6,5)",3,0.8156462757418597,26.31873931746686,231.0,-5.45581290440715,0.4093015419014558,3.5009595711731018e-06,1.364223585791619e-06,8.984390862789792e-06,2.823390969337617e-06,4.53322761895435e-06,3.4276072900823756e-06
Multi-Chiral CNT,"(7,6) + (7,5) + (6,5)",3,0.8156462757418597,26.31873931746686,232.0,-5.440832389483416,0.4093276677281512,3.6238282854664652e-06,1.4120170563975088e-06,9.300264032256766e-06,2.9426292324802335e-06,4.668970346686591e-06,3.55129153151722e-06
Multi-Chiral CNT,"(7,6) + (7,5) + (6,5)",3,0.8156462757418597,26.31873931746686,233.0,-5.42591210644746,0.4093541304548234,3.7504889785526487e-06,1.4612810861119353e-06,9.625915035738312e-06,3.0662595375643262e-06,4.808161642739891e-06,3.6788180231902848e-06
Multi-Chiral CNT,"(7,6) + (7,5) + (6,5)",3,0.8156462757418597,26.31873931746686,234.0,-5.411053467317848,0.4093809500260106,3.881025825570476e-06,1.5120480159575918e-06,9.961562926429873e-06,3.194397581957569e-06,4.950861914126743e-06,3.810269221380333e-06
Multi-Chiral CNT,"(7,6) + (7,5) + (6,5)",3,0.8156462757418597,26.31873931746686,235.0,-5.396257877376022,0.40940814879081683,4.01552304470009e-06,1.5643501704474203e-06,1.0307427088339004e-05,3.327159312038346e-06,5.097131502650854e-06,3.9457274547026384e-06
Multi-Chiral CNT,"(7,6) + (7,5) + (6,5)",3,0.8156462757418597,26.31873931746686,236.0,-5.381526734381788,0.40943575148808337,4.154064787842489e-06,1.6182198125869092e-06,1.0663726971681779e-05,3.4646607424720796e-06,5.247030631657983e-06,4.085274817012181e-06
Multi-Chiral CNT,"(7,6) + (7,5) + (6,5)",3,0.8156462757418597,26.31873931746686,237.0,-5.366861427785219,0.4094637852296046,4.29673502674017e-06,1.673689096973324e-06,1.1030681817430818e-05,3.607017766805428e-06,5.400619351057831e-06,4.228993056548797e-06
Multi-Chiral CNT,"(7,6) + (7,5) + (6,5)",3,0.8156462757418597,26.31873931746686,238.0,-5.352263337936506,0.40949227948140954,4.443617434621858e-06,1.7307900210225903e-06,1.1408510371240246e-05,3.754345959521786e-06,5.557957480632532e-06,4.376963461423067e-06
Multi-Chiral CNT,"(7,6) + (7,5) + (6,5)",3,0.8156462757418597,26.31873931746686,239.0,-5.337733835295135,0.40952126604312483,4.594795263474221e-06,1.7895543743628057e-06,1.1797430587021078e-05,3.906760369741171e-06,5.719104551654241e-06,4.529266741557766e-06
Multi-Chiral CNT,"(7,6) + (7,5) + (6,5)",3,0.8156462757418597,26.31873931746686,240.0,-5.323274279639991,0.40955077902539,4.750351217059237e-06,1.8500136864402023e-06,1.2197659320476367e-05,4.064375306787257e-06,5.884119746832806e-06,4.685982907210994e-06
Multi-Chiral CNT,"(7,6) + (7,5) + (6,5)",3,0.8156462757418597,26.31873931746686,241.0,-5.308886019281844,0.40958085482534373,4.910367319815923e-06,1.9121991723916e-06,1.260941201295446e-05,4.2273041178816865e-06,6.053061838622217e-06,4.847191144222653e-06
Multi-Chiral CNT,"(7,6) + (7,5) + (6,5)",3,0.8156462757418597,26.31873931746686,242.0,-5.294570390279644,0.4096115321001255,5.074924781804469e-06,1.976141677245878e-06,1.3032902366022329e-05,4.395658958271125e-06,6.225989125917425e-06,5.012969686140712e-06
Multi-Chiral CNT,"(7,6) + (7,5) + (6,5)",3,0.8156462757418597,26.31873931746686,243.0,-5.280328715662149,0.409642851738416,5.244103859868357e-06,2.0418716185242016e-06,1.3468342007203547e-05,4.569550554131617e-06,6.402959369173763e-06,5.183395683396363e-06
Multi-Chiral CNT,"(7,6) + (7,5) + (6,5)",3,0.8156462757418597,26.31873931746686,244.0,-5.266162304656283,0.4096748568299307,5.417983715210387e-06,2.1094189273178917e-06,1.3915940147369875e-05,4.749087958635778e-06,6.58402972398856e-06,5.358545069712237e-06
Multi-Chiral CNT,"(7,6) + (7,5) + (6,5)",3,0.8156462757418597,26.31873931746686,245.0,-5.2520724519236275,0.4097075926328755,5.596642267597641e-06,2.178812987930708e-06,1.437590323032194e-05,4.934378301613623e-06,6.769256673186745e-06,5.538492425941929e-06
Multi-Chiral CNT,"(7,6) + (7,5) + (6,5)",3,0.8156462757418597,26.31873931746686,246.0,-5.23806043680647,0.4097411065393095,5.780156046428335e-06,2.2500825761804334e-06,1.4848434575133075e-05,5.125526533275559e-06,6.958695957456508e-06,5.7233108415516714e-06
Multi-Chiral CNT,"(7,6) + (7,5) + (6,5)",3,0.8156462757418597,26.31873931746686,247.0,-5.224127522584727,0.40977544803836347,5.968600038913492e-06,2.3232557964633897e-06,1.533373401187574e-05,5.322635162511867e-06,7.152402504581289e-06,5.913071773969769e-06
Multi-Chiral CNT,"(7,6) + (7,5) + (6,5)",3,0.8156462757418597,26.31873931746686,248.0,-5.210274955745083,0.40981066867729615,6.1620475356442336e-06,2.398360017693277e-06,1.5831997511390808e-05,5.525803990318551e-06,7.350430357326545e-06,6.107844906041214e-06
Multi-Chiral CNT,"(7,6) + (7,5) + (6,5)",3,0.8156462757418597,26.31873931746686,249.0,-5.196503965263628,0.40984682202031814,6.36056997383341e-06,2.4754218082340237e-06,1.634341680979745e-05,5.735129838946081e-06,7.552832600032417e-06,6.307698001838637e-06
Multi-Chiral CNT,"(7,6) + (7,5) + (6,5)",3,0.8156462757418597,26.31873931746686,250.0,-5.182815761903285,0.4098839636051732,6.564236778537404e-06,2.5544668699537856e-06,1.6868179028480678e-05,5.950706277399474e-06,7.759661283975271e-06,6.51269676109105e-06
Multi-Chiral CNT,"(7,6) + (7,5) + (6,5)",3,0.8156462757418597,26.31873931746686,251.0,-5.1692115375271275,0.4099221508973985,6.773115202182975e-06,2.6355199715361076e-06,1.74064662903328e-05,6.172623343961599e-06,7.970967351563361e-06,6.7229046725069675e-06
Multi-Chiral CNT,"(7,6) + (7,5) + (6,5)",3,0.8156462757418597,26.31873931746686,252.0,-5.155692464428837,0.4099614432422607,6.987270162737091e-06,2.718604881190153e-06,1.7958455333054027e-05,6.3740426623356294e-06,8.186800559431608e-06,6.938382866275224e-06
Multi-Chiral CNT,"(7,6) + (7,5) + (6,5)",3,0.8156462757418597,26.31873931746686,253.0,-5.142259694681499,0.4100019018143218,7.206764080873177e-06,2.803744298909317e-06,1.8524317120347947e-05,6.577262661209571e-06,8.407209400506045e-06,7.159189966038409e-06
Multi-Chiral CNT,"(7,6) + (7,5) + (6,5)",3,0.8156462757418597,26.31873931746686,254.0,-5.1289143595055116,0.41004358956459835,7.431656716507346e-06,2.890959788436572e-06,1.91042164518922e-05,6.785469274802849e-06,8.632241025118153e-06,7.3853819406482315e-06
Multi-Chiral CNT,"(7,6) + (7,5) + (6,5)",3,0.8156462757418597,26.31873931746686,255.0,-5.115657568657074,0.41008657116530983,7.662005005079586e-06,2.9802717090964824e-06,1.969831157296138e-05,6.998714475010152e-06,8.861941161237464e-06,7.617011956009751e-06
Multi-Chiral CNT,"(7,6) + (7,5) + (6,5)",3,0.8156462757418597,26.31873931746686,256.0,-5.102490409837762,0.4101309129521873,7.89786289398176e-06,3.071699147665647e-06,2.0306753784639702e-05,7.217047709441171e-06,9.096354033913635e-06,7.854130227343626e-06
Multi-Chiral CNT,"(7,6) + (7,5) + (6,5)",3,0.8156462757418597,26.31873931746686,257.0,-5.0894139481264995,0.41017668286435227,8.13928117953107e-06,3.1652598504531e-06,2.0929687055546308e-05,7.440515773034265e-06,9.335522284003272e-06,8.096783872188644e-06
Multi-Chiral CNT,"(7,6) + (7,5) + (6,5)",3,0.8156462757418597,26.31873931746686,258.0,-5.07642922543451,0.4102239503817582,8.386307344908129e-06,3.260970155771471e-06,2.156724763604024e-05,7.669162680588509e-06,9.579486886277241e-06,8.34501676448361e-06
Multi-Chiral CNT,"(7,6) + (7,5) + (6,5)",3,0.8156462757418597,26.31873931746686,259.0,-5.0635372599842565,0.41027278646022575,8.638985399479143e-06,3.358844926980813e-06,2.221956367586723e-05,7.903029540503773e-06,9.828287066990843e-06,8.598869390065239e-06
Multi-Chiral CNT,"(7,6) + (7,5) + (6,5)",3,0.8156462757418597,26.31873931746686,260.0,-5.050739045812988,0.41032326346407405,8.8973557199336e-06,3.458897486292957e-06,2.2886754846232037e-05,8.142154430015902e-06,1.0081960221015758e-05,8.858378703927469e-06
Multi-Chiral CNT,"(7,6) + (7,5) + (6,5)",3,0.8156462757418597,26.31873931746686,261.0,-5.038035552301702,0.41037545509643314,9.161454893669713e-06,3.56113954952511e-06,2.3568931967279234e-05,8.386572272215817e-06,1.0340541828627972e-05,9.123577989586394e-06
Multi-Chiral CNT,"(7,6) + (7,5) + (6,5)",3,0.8156462757418597,26.31873931746686,262.0,-5.025427723730058,0.41042943632724155,9.431315564867185e-06,3.6655811619959065e-06,2.4266196641973407e-05,8.636314715151429e-06,1.0604065372047614e-05,9.394496720901429e-06
Multi-Chiral CNT,"(7,6) + (7,5) + (6,5)",3,0.8156462757418597,26.31873931746686,263.0,-5.012916478857995,0.4104852833190471,9.706966283682875e-06,3.7722306357556605e-06,2.4978640897358798e-05,8.891410013293404e-06,1.0872562251834272e-05,9.671160426696646e-06
Multi-Chiral CNT,"(7,6) + (7,5) + (6,5)",3,0.8156462757418597,26.31873931746686,264.0,-5.000502710534363,0.4105430733506707,9.98843135901294e-06,3.881094488347016e-06,2.5706346834190383e-05,9.151882911661467e-06,1.1146061703240156e-05,9.953590558535236e-06
Multi-Chiral CNT,"(7,6) + (7,5) + (6,5)",3,0.8156462757418597,26.31873931746686,265.0,-4.9881872853332485,0.4106028847388381,1.0275730715254086e-05,3.992177383288363e-06,2.644938628589721e-05,9.417754532897022e-06,1.142459071262454e-05,1.0241804361988046e-05
Multi-Chiral CNT,"(7,6) + (7,5) + (6,5)",3,0.8156462757418597,26.31873931746686,266.0,-4.975971043218317,0.4106647967579211,1.0568879753498694e-05,4.1054820724735525e-06,2.7207820487842163e-05,9.689042267562626e-06,1.1708173934036494e-05,1.0535814751740352e-05
Multi-Chiral CNT,"(7,6) + (7,5) + (6,5)",3,0.8156462757418597,26.31873931746686,267.0,-4.9638547972354985,0.4107288895579126,1.0867889217592864e-05,4.221009340679915e-06,2.7981699757822865e-05,9.965759667952474e-06,1.1996833606077843e-05,1.0835630190876309e-05
Multi-Chiral CNT,"(7,6) + (7,5) + (6,5)",3,0.8156462757418597,26.31873931746686,268.0,-4.95183933323448,0.41079524408078516,1.1172765065472633e-05,4.338757952371396e-06,2.877106318872158e-05,1.0247916345683025e-05,1.2290589469148404e-05,1.1141254574668883e-05
Multi-Chiral CNT,"(7,6) + (7,5) + (6,5)",3,0.8156462757418597,26.31873931746686,269.0,-4.939925409618997,0.4108639419754427,1.1483508346196304e-05,4.458724600984342e-06,2.95759383542207e-05,1.0535517873333374e-05,1.2589458683195286e-05,1.1452687119207515e-05
Multi-Chiral CNT,"(7,6) + (7,5) + (6,5)",3,0.8156462757418597,26.31873931746686,270.0,-4.928113757126437,0.4109350655114387,1.1800115083063619e-05,4.580903860873306e-06,3.0396341028427565e-05,1.0828565690394257e-05,1.2893455746066735e-05,1.1769922255172512e-05
Multi-Chiral CNT,"(7,6) + (7,5) + (6,5)",3,0.8156462757418597,26.31873931746686,271.0,-4.9164050786366085,0.41100869749168384,1.2122576163215935e-05,4.705288142095002e-06,3.123227492026439e-05,1.1127057013777499e-05,1.3202592412595836e-05,1.2092949527071344e-05
Multi-Chiral CNT,"(7,6) + (7,5) + (6,5)",3,0.8156462757418597,26.31873931746686,272.0,-4.904800049010009,0.4110849211643979,1.2450877234082486e-05,4.831867648196573e-06,3.208373142340814e-05,1.143098475312362e-05,1.3516877614513894e-05,1.2421753498228108e-05
Multi-Chiral CNT,"(7,6) + (7,5) + (6,5)",3,0.8156462757418597,26.31873931746686,273.0,-4.8932993149553825,0.411163820134548,1.2784998607034498e-05,4.960630337172726e-06,3.2950689382558324e-05,1.1740337431144481e-05,1.383631738132547e-05,1.2756313661817766e-05
Multi-Chiral CNT,"(7,6) + (7,5) + (6,5)",3,0.8156462757418597,26.31873931746686,274.0,-4.881903494926832,0.41124547827507135,1.312491516857611e-05,5.0915618857422e-06,3.383311487673459e-05,1.2055099109216113e-05,1.416091476223937e-05,1.3096604358210918e-05
Multi-Chiral CNT,"(7,6) + (7,5) + (6,5)",3,0.8156462757418597,26.31873931746686,275.0,-4.870613179050151,0.4113299796381684,1.3470596299397275e-05,5.224645657091758e-06,3.473096102030039e-05,1.2375249318430605e-05,1.4490669749287026e-05,1.3442594698895403e-05
Multi-Chiral CNT,"(7,6) + (7,5) + (6,5)",3,0.8156462757418597,26.31873931746686,276.0,-4.859428929078513,0.4114174083670184,1.3822005801576544e-05,5.359862672219548e-06,3.564416778232524e-05,1.2700762996301608e-05,1.4825579201735054e-05,1.3794248497211032e-05
Multi-Chiral CNT,"(7,6) + (7,5) + (6,5)",3,0.8156462757418597,26.31873931746686,277.0,-4.848351278377145,0.4115078486082196,1.417910183421329e-05,5.497191585005584e-06,3.657266182488097e-05,1.3031610429303714e-05,1.5165636771902415e-05,1.4151524206132566e-05
Multi-Chiral CNT,"(7,6) + (7,5) + (6,5)",3,0.8156462757418597,26.31873931746686,278.0,-4.83738073193696,0.41160138442536115,1.4541836857732493e-05,5.636608661120152e-06,3.751635636079145e-05,1.33677572014113e-05,1.551083283250804e-05,1.451437486330543e-05
Multi-Chiral CNT,"(7,6) + (7,5) + (6,5)",3,0.8156462757418597,26.31873931746686,279.0,-4.826517766416728,0.41169809971409427,1.491015758709116e-05,5.778087760874004e-06,3.847515103132748e-05,1.3709164148792307e-05,1.5861154405646756e-05,1.4882748043534851e-05
Multi-Chiral CNT,"(7,6) + (7,5) + (6,5)",3,0.8156462757418597,26.31873931746686,280.0,-4.815762830213675,0.41179807811909463,1.5284004954077033e-05,5.921600326097019e-06,3.944893180425429e-05,1.4055787320784235e-05,1.6216585093515496e-05,1.5256585818895397e-05
Multi-Chiral CNT,"(7,6) + (7,5) + (6,5)",3,0.8156462757418597,26.31873931746686,281.0,-4.805116343562048,0.4119014029533545,1.566331407887363e-05,6.067115371122579e-06,4.043757089261457e-05,1.4407577947278054e-05,1.6577105010997657e-05,1.5635824726622422e-05
Multi-Chiral CNT,"(7,6) + (7,5) + (6,5)",3,0.8156462757418597,26.31873931746686,282.0,-4.79457869865932,0.41200815712024985,1.6048014251030785e-05,6.214599477938736e-06,4.1440926694556327e-05,1.4764482412610756e-05,1.694269072021316e-05,1.6020395744919164e-05
Multi-Chiral CNT,"(7,6) + (7,5) + (6,5)",3,0.8156462757418597,26.31873931746686,283.0,-4.784150259819569,0.412118423038817,1.643802891995502e-05,6.364016795555e-06,4.245884375446764e-05,1.5126442236053056e-05,1.731331516714462e-05,1.6410224276796974e-05
Multi-Chiral CNT,"(7,6) + (7,5) + (6,5)",3,0.8156462757418597,26.31873931746686,284.0,-4.77383136365373,0.41223228257273536,1.6833275694997013e-05,6.5153290436154005e-06,4.349115274560857e-05,1.549339405895648e-05,1.7688947620442812e-05,1.680523014203816e-05
Multi-Chiral CNT,"(7,6) + (7,5) + (6,5)",3,0.8156462757418597,26.31873931746686,285.0,-4.763622319276026,0.41234981696349365,1.7233666355195617e-05,6.668495520278579e-06,4.453767047440322e-05,1.586526963861451e-05,1.8069553612518413e-05,1.720532757736251e-05
Multi-Chiral CNT,"(7,6) + (7,5) + (6,5)",3,0.8156462757418597,26.31873931746686,286.0,-4.75352340853626,0.4124711067682443,1.7639106868694017e-05,6.823473114364992e-06,4.559819990646562e-05,1.6241995848868767e-05,1.845509488301965e-05,1.7610425244841987e-05
Multi-Chiral CNT,"(7,6) + (7,5) + (6,5)",3,0.8156462757418597,26.31873931746686,287.0,-4.743534886277249,0.4125962318028517,1.8049497421825564e-05,6.980216321760712e-06,4.667253021440901e-05,1.6623494687476505e-05,1.8845529324798775e-05,1.8020426248600384e-05
Multi-Chiral CNT,"(7,6) + (7,5) + (6,5)",3,0.8156462757418597,26.31873931746686,288.0,-4.733656980616927,0.4127252710906759,1.846473245782633e-05,7.138677266047405e-06,4.7760436847410917e-05,1.7009683290234858e-05,1.9240810932464065e-05,1.8435228159801465e-05
Multi-Chiral CNT,"(7,6) + (7,5) + (6,5)",3,0.8156462757418597,26.31873931746686,289.0,-4.723889893254507,0.4128583028176105,1.8884700725106053e-05,7.298805723314797e-06,4.886168162246337e-05,1.7400473951840003e-05,1.964088975360848e-05,1.8854723049913396e-05
Multi-Chiral CNT,"(7,6) + (7,5) + (6,5)",3,0.8156462757418597,26.31873931746686,290.0,-4.71423379979998,0.41299540429393394,1.9309285334981185e-05,7.460549151096484e-06,4.997601283719464e-05,1.779577415345138e-05,2.008637000867914e-05,1.9278797532216382e-05
Multi-Chiral CNT,"(7,6) + (7,5) + (6,5)",3,0.8156462757418597,26.31873931746686,291.0,-4.70468885012635,0.4131366519234912,1.973836382874031e-05,7.623852721353785e-06,5.110316540408471e-05,1.8195486596890756e-05,2.0564385670813897e-05,1.9707332811495058e-05
Multi-Chiral CNT,"(7,6) + (7,5) + (6,5)",3,0.8156462757418597,26.31873931746686,292.0,-4.69525516874396,0.41328212118080204,2.017180825388179e-05,7.788659357415098e-06,5.2242861005853026e-05,1.8599509245417908e-05,2.104656569339753e-05,2.014020474183453e-05
Multi-Chiral CNT,"(7,6) + (7,5) + (6,5)",3,0.8156462757418597,26.31873931746686,293.0,-4.6859328551960475,0.41343188659660174,2.0609485249346512e-05,7.954909774769124e-06,5.339480827177062e-05,1.9007735370986702e-05,2.1532682892664105e-05,2.0577283892429296e-05
Multi-Chiral CNT,"(7,6) + (7,5) + (6,5)",3,0.8156462757418597,26.31873931746686,294.0,-4.676721984474963,0.4135860217524223,2.1051256139525682e-05,8.122542525587893e-06,5.4558702974576684e-05,1.942005360787616e-05,2.2022502926379196e-05,2.1018435621276506e-05
Multi-Chiral CNT,"(7,6) + (7,5) + (6,5)",3,0.8156462757418597,26.31873931746686,295.0,-4.6676226074582425,0.4137445992847126,2.149697703680782e-05,8.291494046847218e-06,5.5734228247653476e-05,1.9836348012576135e-05,2.251578457243767e-05,2.146352015661663e-05
Multi-Chiral CNT,"(7,6) + (7,5) + (6,5)",3,0.8156462757418597,26.31873931746686,296.0,-4.65863475136369,0.4139076908990906,2.1946498952406436e-05,8.461698711897884e-06,5.692105482209343e-05,2.025649812979399e-05,2.301228002290298e-05,2.1912392685967405e-05
Multi-Chiral CNT,"(7,6) + (7,5) + (6,5)",3,0.8156462757418597,26.31873931746686,297.0,-4.649758420222783,0.4140753673952456,2.2399667915176153e-05,8.633088885325195e-06,5.8118841283223046e-05,2.0680379064426697e-05,2.351173519271291e-05,2.2364903452566693e-05
Multi-Chiral CNT,"(7,6) + (7,5) + (6,5)",3,0.8156462757418597,26.31873931746686,298.0,-4.64099359537159,0.4142476987030399,2.2856325098109876e-05,8.805594980924402e-06,5.932723434613901e-05,2.1107861559334302e-05,2.4013890042210183e-05,2.2820897859030297e-05
Multi-Chiral CNT,"(7,6) + (7,5) + (6,5)",3,0.8156462757418597,26.31873931746686,299.0,-4.632340235958289,0.4144247539303271,2.331630695219174e-05,8.979145522609567e-06,6.054586914978815e-05,2.1538812078746543e-05,2.4518478912630884e-05,2.3280216578016447e-05
Multi-Chiral CNT,"(7,6) + (7,5) + (6,5)",3,0.8156462757418597,26.31873931746686,300.0,-4.623798279466585,0.41460660142299943,2.3779445347251393e-05,9.153667208058993e-06,6.177436956907027e-05,2.1973092897094786e-05,2.5025230873631582e-05,2.3742695669660692e-05
Multi-Chiral CNT,"(7,6) + (7,5) + (6,5)",3,0.8156462757418597,26.31873931746686,301.0,-4.615367642254133,0.4147933088377737,2.4245567719457148e-05,9.329084974893978e-06,6.301234854444694e-05,2.24105621930882e-05,2.5533870081893847e-05,2.4208166705542334e-05
Multi-Chiral CNT,"(7,6) + (7,5) + (6,5)",3,0.8156462757418597,26.31873931746686,302.0,-4.607048220105067,0.4149849432281798,2.471449722506813e-05,9.505322069179104e-06,6.4259408428509e-05,2.2851074148807e-05,2.604411614981958e-05,2.4676456898922883e-05
Multi-Chiral CNT,"(7,6) + (7,5) + (6,5)",3,0.8156462757418597,26.31873931746686,303.0,-4.598839888795903,0.415181571144225,2.518605290004432e-05,9.682300116021225e-06,6.55151413489237e-05,2.3294479053596844e-05,2.6555684523300645e-05,2.514738924098169e-05
Multi-Chiral CNT,"(7,6) + (7,5) + (6,5)",3,0.8156462757418597,26.31873931746686,304.0,-4.590742504673806,0.41538325874615967,2.5660049825115477e-05,9.859939192043933e-06,6.67791295871995e-05,2.374062341254459e-05,2.706828686752526e-05,2.562078264277163e-05
Multi-Chiral CNT,"(7,6) + (7,5) + (6,5)",3,0.8156462757418597,26.31873931746686,305.0,-4.58275590524653,0.4155900719327901,2.613629929588076e-05,1.0038157899500584e-05,6.80509459726513e-05,2.4189350059270306e-05,2.7581631459737336e-05,2.6096452082590166e-05
Multi-Chiral CNT,"(7,6) + (7,5) + (6,5)",3,0.8156462757418597,26.31873931746686,306.0,-4.574879909782959,0.41580207648468176,2.6614608997525436e-05,1.0216873441795433e-05,6.933015429098671e-05,2.4640498272833327e-05,2.8095423587902555e-05,2.657420875847369e-05
Multi-Chiral CNT,"(7,6) + (7,5) + (6,5)",3,0.8156462757418597,26.31873931746686,307.0,-4.567114319923549,0.4160193382226556,2.7094783183713112e-05,1.0396001700169172e-05,7.061630970688244e-05,2.509390389845878e-05,2.8609365954170016e-05,2.70538602454922e-05
Multi-Chiral CNT,"(7,6) + (7,5) + (6,5)",3,0.8156462757418597,26.31873931746686,308.0,-4.5594589202997255,0.41624192318187503,2.7576622859220057e-05,1.0575457311309983e-05,7.190895919993636e-05,2.5549399471858633e-05,2.9123159082046248e-05,2.7535210657527297e-05
Multi-Chiral CNT,"(7,6) + (7,5) + (6,5)",3,0.8156462757418597,26.31873931746686,309.0,-4.5519134791613,0.41646989780183225,2.8059925965877793e-05,1.0755153745650716e-05,7.320764201338765e-05,2.6006814346889382e-05,2.963650172618784e-05,2.8018060813212357e-05
Multi-Chiral CNT,"(7,6) + (7,5) + (6,5)",3,0.8156462757418597,26.31873931746686,310.0,-4.54447774901119,0.41670332913250424,2.854448757137485e-05,1.0935003386107985e-05,7.451189011495813e-05,2.6465974826261815e-05,3.0149091283719623e-05,2.8502208405693326e-05
Multi-Chiral CNT,"(7,6) + (7,5) + (6,5)",3,0.8156462757418597,26.31873931746686,311.0,-4.53715146724642,0.41694228505687364,2.9030100060488102e-05,1.11149176070291e-05,7.582122866920726e-05,2.692670429508007e-05,3.066062420598699e-05,2.8987448175885695e-05
Multi-Chiral CNT,"(7,6) + (7,5) + (6,5)",3,0.8156462757418597,26.31873931746686,312.0,-4.529934356804598,0.4171868345300169,2.951655332830657e-05,1.1294806853110985e-05,7.713517652077418e-05,2.7388823356897607e-05,3.117079640971211e-05,2.9473572088885102e-05
Multi-Chiral CNT,"(7,6) + (7,5) + (6,5)",3,0.8156462757418597,26.31873931746686,313.0,-4.522826126815011,0.4174370478348927,3.0003634975015876e-05,1.1474580718060762e-05,7.845324668787858e-05,2.78521499720895e-05,3.1679303686432954e-05,2.9960369513196433e-05
Multi-Chiral CNT,"(7,6) + (7,5) + (6,5)",3,0.8156462757418597,26.31873931746686,314.0,-4.5158264732534565,0.4176929968549272,3.049113050182293e-05,1.1654148022775292e-05,7.97749468654679e-05,2.8316499598220275e-05,3.218584210927118e-05,3.044762740244076e-05
Multi-Chiral CNT,"(7,6) + (7,5) + (6,5)",3,0.8156462757418597,26.31873931746686,315.0,-4.508935079599999,0.4179547553634397,3.0978823507602395e-05,1.1833416892821981e-05,8.109977993738348e-05,2.8781685332199378e-05,3.2690108435954376e-05,3.093513047920479e-05
Multi-Chiral CNT,"(7,6) + (7,5) + (6,5)",3,0.8156462757418597,26.31873931746686,316.0,-4.50215161749877,0.41822239932992283,3.146649588586321e-05,1.2012294835013662e-05,8.242724449694378e-05,2.9247518053928934e-05,3.31918005071612e-05,3.142266142069897e-05
Multi-Chiral CNT,"(7,6) + (7,5) + (6,5)",3,0.8156462757418597,26.31873931746686,317.0,-4.495475747418993,0.41849600724310937,3.1953928021639966e-05,1.2190688812879083e-05,8.375683537532652e-05,2.9713806571234618e-05,3.3690617639222296e-05,3.191000104589342e-05
Multi-Chiral CNT,"(7,6) + (7,5) + (6,5)",3,0.8156462757418597,26.31873931746686,318.0,-4.488907119316363,0.4187756604507436,3.244089898793136e-05,1.2368505320841829e-05,8.508804417715499e-05,3.0180357765798932e-05,3.4186261010268636e-05,3.239692850380843e-05
Multi-Chiral CNT,"(7,6) + (7,5) + (6,5)",3,0.8156462757418597,26.31873931746686,319.0,-4.482445373294089,0.4190614435158928,3.292718674131016e-05,1.2545650456928832e-05,8.642035982266024e-05,3.064697673988121e-05,3.467843403895647e-05,3.288322146263112e-05
Multi-Chiral CNT,"(7,6) + (7,5) + (6,5)",3,0.8156462757418597,26.31873931746686,320.0,-4.476090140262657,0.41935344458958507,3.341256831636382e-05,1.2722029993849485e-05,8.775326909584456e-05,3.111346696358302e-05,3.5166842754941043e-05,3.336865629935453e-05
